<?xml version="1.0" encoding="utf-8"?>
<!DOCTYPE article PUBLIC "-//NLM//DTD JATS (Z39.96) Journal Publishing DTD v1.2 20190208//EN" "https://jats.nlm.nih.gov/publishing/1.2/JATS-journalpublishing1.dtd">
<article xmlns:xlink="http://www.w3.org/1999/xlink">
  <front>
    <article-meta>
      <title-group>
        <article-title>The influence of lactation on the quantity and quality of cashmere production</article-title>
      </title-group>
      <contrib-group content-type="author">
        <contrib contrib-type="person">
          <name>
            <surname>Corino</surname>
            <given-names>Carlo</given-names>
          </name>
          <email>ccorino@mailinator.com</email>
          <xref ref-type="aff" rid="aff-1"/>
        </contrib>
        <contrib contrib-type="person">
          <name>
            <surname>author</surname>
            <given-names>co</given-names>
          </name>
          <email>coauthor@mailinator.com</email>
          <xref ref-type="aff" rid="aff-2"/>
        </contrib>
      </contrib-group>
      <aff id="aff-1">
        <institution>University of Basel </institution>
        <country>Italy</country>
      </aff>
      <aff id="aff-2">
        <institution/>
        <country>Bangladesh</country>
      </aff>
      <history>
        <date date-type="received" iso-8601-date="2021-01-08">
          <day>08</day>
          <month>01</month>
          <year>2021</year>
        </date>
        <date data-type="published" iso-8601-date="2021-01-14">
          <day>14</day>
          <month>01</month>
          <year>2021</year>
        </date>
      </history>
    </article-meta>
  </front>
  
  
<body id="body">
    <sec id="sec-1">
      <title>Introduction</title>
      <p id="_paragraph-2"><bold id="_bold-1">Juvenile idiopathic </bold><bold id="_bold-2"><italic id="_italic-1">arthritis</italic></bold><bold id="_bold-3"> (JIA)</bold> <sup id="_superscript-1">often</sup> causes <sub id="_subscript-1">significant</sub> functional  throughout the lifespan. Medical workers who are aware of the JIA’s clinical course specifics in adolescence can provide better assistance at the transition stage when a patient’s healthcare shifts from a pediatric to an adult health services. The patient's transm</p>
      <fig id="figure-panel-3d8c4ad833d8b48b5b602c8feae72ddd">
        <label>Figure 1</label>
        <caption>
          <p id="paragraph-ec0dfc7039649047e0659ff910e4134a"/>
        </caption>
        <graphic id="graphic-6f921223c217cc9f907aaf47a67ca2ac" mimetype="image" mime-subtype="png" xlink:href="Screenshot from 2021-01-29 11-28-18.png"/>
      </fig>
      <p id="paragraph-4cc92bc1e046115f0b5231f4299974e0">ission is a multidimensional, interdisciplinary and active process, which addresses the medical, socio-psychological and educational/professional needs of adolescents with JIA. Previous studies have shown that the use of specific questionnaires (CHQ, Peds-QL) don’t allow fully assess psychometric changes in young adults. In particular, the interpretation of these studies’ results on Peds-QL is limited due to a small sample size. On the contrary, when using HR-QOL, Haverman L. et al. (2011) found significant changes in the quality of life in children and adolescents with JIA.</p>
      <sec id="sec-1_1">
        <title>Heading 2</title>
        <list list-type="order" id="list-f7406e8cc8aef47d66d812d22865d805">
          <list-item>
            <p>First</p>
          </list-item>
          <list-item>
            <p>Second</p>
            <list list-type="bullet">
              <list-item>
                <p>Level 2 First</p>
                <list list-type="bullet">
                  <list-item>
                    <p>Level 3 First</p>
                  </list-item>
                  <list-item>
                    <p>Level 3 Second</p>
                  </list-item>
                </list>
              </list-item>
              <list-item>
                <p>Level 2 Second</p>
              </list-item>
            </list>
          </list-item>
          <list-item>
            <p>Third</p>
            <list list-type="bullet">
              <list-item>
                <p>Level 2 Third</p>
              </list-item>
            </list>
          </list-item>
        </list>
        <p id="_paragraph-3">The HAQ questionnaire is widely used in clinical practice for the study rheumatic diseases in adults, particularly in rheumatoid arthritis . This questionnaire is a useful tool for evaluation of functional status, its change during treatment. HAQ score is also associated with disease activity, mortality, and need in joint replacement. Most often, for the quality of life (QoL) assessment in adult patients, the SF-36 questionnaire is used. Indeed, QoL in adulthood may be influenced by sociological, economic, philosophical and ethical factors, which can be less informative in childhood. For patients in the transitional period from pediatric to adult medical care, it is necessary to investigate the effectiveness of various medical examination methods for measuring QoL.</p>
        <p id="_paragraph-4"><bold id="_bold-4">The study aimed</bold> to determine the impact of the disease on the QoL in young adults with JIA during the transition from a pediatric to an adult healthcare service. </p>
      </sec>
    </sec>
    <sec id="sec-2">
      <title>Materials and methods</title>
      <sec id="sec-2_1">
        <title>Materials</title>
        <p id="_paragraph-5">A study sample included 89 young people aged 16 to 22 years old with a history of JIA, regardless (1)  of the active inflammation severity at the time of examination and 25  healthy young volunteers that formed the control group. The experimental group comprised of patients from different Ukrainian who were </p>
        <fig id="figure-panel-b7369ed420679772179edde319d5bdc3">
          <label>Figure 2</label>
          <caption>
            <p id="paragraph-8e048f029d83e4f1b81fc31fd6e08e40"/>
          </caption>
          <graphic id="graphic-fa9b5999a372a41a7707d83cfc1d9dcd" mimetype="image" mime-subtype="png" xlink:href="1921992.png"/>
        </fig>
        <p id="paragraph-45f63fe5e480017e4b15ad6c083247a3"/>
        <fig id="figure-panel-43026741ee7e9b09e41a3b643394852a">
          <label>Figure 3</label>
          <caption>
            <p id="paragraph-7b51029ab59abf10560999fb1a31e1ad"/>
          </caption>
          <graphic id="graphic-0eaae089f8b963ad39e52181967da3ee" mimetype="image" mime-subtype="jpeg" xlink:href="22894836.jpg"/>
        </fig>
        <p id="paragraph-8e18ea16b650e327e18807347b0c43ef">diagnosed with the JIA according to the classification criteria of the International League of Associations for Rheumatology - ILAR between 1984 and 2014 without severe concomitant pathology. Upon reaching adulthood, all patients with JIA were examined by an adult rheumatologist during outpatient visits or inpatient at the Oleksandrivka City Clinical Hospital in Kyiv between April 2015 and February 2017. In the study were analyzed demographic and clinical data, including age, gender, delayed diagnosis of JIA, disease duration, number of swollen joints, limitation of joint mobility, disease activity, erythrocyte sedimentation rate (ESR) and C-reactive protein (CRP). Pain and overall well-being were measured using the visual analogue scale (VAS). The functional status was evaluated using the HAQ questionnaire (Health Survey). Disease activity and the presence of remission were determined according to the American Association of Rheumatologists criteria [15].</p>
      </sec>
      <sec id="sec-2_2">
        <title>Methods</title>
        <sec id="sec-2_2_1">
          <title>First Method</title>
          <p id="_paragraph-6">Additionally, the data regarding current JIA treatment were analyzed, including the use of non-steroidal anti-inflammatory drugs (NSAIDs), glucocorticoids (GCs), methotrexate, leflunomide, hydroxychloroquine, azathioprine and biological therapy (IL-1Ra, anti-TNF agents (etanercept, adalimumab), abatacept and tocilizumab).</p>
          <p id="_paragraph-7">The QoL of patients with JIA and the control group was assessed using the Short-Form-36 questionnaire (SF-36). We used licensed access containing (license No. QM037587) for Non-Profit Academic Research from the Management of Scientific Grants and Research (OGSR) provided by OptumInsight Life Sciences, Inc..</p>
        </sec>
        <sec id="sec-2_2_2">
          <title>Second Method</title>
          <p id="_paragraph-8">Praesent vitae pretium nisi. Vestibulum vitae nunc quis velit volutpat faucibus. Donec ultrices, enim sit amet maximus tincidunt, massa metus imperdiet mi, id finibus est nisl fermentum nibh. Donec blandit, nunc quis vestibulum fringilla, libero orci varius justo, sit amet malesuada felis elit id nisl. Mauris ornare sollicitudin tellus, in scelerisque ante pharetra a. Suspendisse non odio orci. Pellentesque sem metus, mattis eget vulputate eget, semper ac leo. Lorem ipsum dolor sit amet, consectetur adipiscing elit. Nullam mattis nibh porttitor elit blandit, at ullamcorper neque dapibus.</p>
        </sec>
      </sec>
    </sec>
    <sec id="sec-3">
      <title>Statistical analysis</title>
      <p id="_paragraph-9">Statistical analysis was performed using descriptive statistics, Student's criteria for unbound variables, and one-way ANOVA dispersion analysis. The data are presented as the mean ± standard deviation (SD) for continuous variables and numbers (percentages) for categorical variables. Statistically significant was the probability value p &lt;0,05. The correlation was determined by the Pearson method for a two-way mixed model. In the analysis, software packages "Statistica 6.0" was used by Copyright StatSoft, Inc. 1984-2001.</p>
    </sec>
    <sec id="sec-4">
      <title>Results</title>
      <p id="_paragraph-10">There was conducted an analysis of demographic and anthropometric data from 89 young patients with JIA and 25 healthy volunteers (Table 1). The mean age of patients was 19.4 ± 1.8 years, which did not significantly differ from the mean age in control group. The average duration of the disease was 8.7 ± 5.1 years and the average age of the disease onset - 10.2 ± 4.9 years. The mean time from the disease’s onset to the diagnosis was estimeated at 15.6 ± 25.9 months.</p>
      <table-wrap id="tbl1">
        <label>Table 1</label>
        <caption>
          <p id="_paragraph-11"/>
        </caption>
        <table id="_table-1">
          <tbody>
            <tr id="table-row-06e7187fb8f0a725070a7efce7b72a4f">
              <td id="9e87d1e3431947bc9ab1170b0c153b50" colspan="2">2 colspans</td>
              <td id="403c171493545c2432ff7803f1e5320f" rowspan="2" colspan="2">2 colspans 2 rowspans</td>
            </tr>
            <tr id="table-row-c9bfad8e5a8a161a35a185c710aaada5">
              <td id="4c85d02a3e3d5ca1a7c7d2decb77a0aa" rowspan="3" colspan="2">2 colspans 3 colspans 3 paragpraphs<bold id="_bold-5">2nd bold paraphrai with </bold><bold id="_bold-6"><italic id="_italic-2">italic</italic></bold><bold id="_bold-7"><italic id="_italic-3">3rd bold italic with </italic></bold><bold id="_bold-8"><italic id="_italic-4"><sup id="_superscript-2">superscript</sup></italic></bold></td>
              <td id="2f7e72449a8b98a52bd7510c3e3c7cb4">1</td>
              <td id="0149ec2688bea199e6e3237cb891ffe3">1</td>
            </tr>
            <tr id="table-row-e97229fe138c3edd0a02b9961ca54c84">
              <td id="716c9c2d63be9535b28c181e9172f80c">1</td>
              <td id="c02959964a2b88aaba34cef5c00ab87a">1</td>
            </tr>
            <tr id="table-row-e21209d5d614dc92ee0b9b3e20f04912">
              <td id="7d7476bb0deb9a4ac81000b3419f4815">1</td>
              <td id="5c0242fdedb058637a1de0b7dd7efa73">1</td>
            </tr>
            <tr id="table-row-36a9c7bd268cc4152c325df9afe870a7">
              <td id="eebf4694ea53991b5319f670b0f2af44" colspan="2">2 colspans</td>
              <td id="39a2c498dd9e282d73939621ded9c1d5">1 colspan</td>
              <td id="9614744e89177873b224d5617949d527">1 colspan</td>
            </tr>
            <tr id="table-row-583ac263d08e030a5fb904e5dd4edf34">
              <td id="40b7b6345eca3df89d411d176de93153" colspan="4">4 colspans</td>
            </tr>
          </tbody>
        </table>
      </table-wrap>
      <p id="_paragraph-12">The oligoarthritis form of JIA was diagnosed in 34 patients, including 20 patients with persistent and 14 with common form. The polyarthritis variant was found in 24 patients, from whom 10 had seropositive and 14 had seronegative polyarthritis. Enthesitis-related arthritis and psoriatic arthritis were diagnosed in 18 patients, and systemic JIA - in 13 patients.</p>
      <p id="_paragraph-13">Most patients (67.4%) had previously received glucocorticoids (GCs) before baseline period, and at the time of observation, only 27% received GCs. 14 patients received only NSAIDs. 75 patients received DMARD, including methotrexate (n=55), plaquenil (n=12), sulfasalazine (n=6), azathioprine (n=2). 23 patients received immunobiological therapy before or at the time of examination; 19 patients were prescribed monoclonal antibodies to the TNF-19 (etanercept - 16 patients, adalimumab - 3 patients), 2 - tocylumizabac, and remaining 2 - rituximab. Remission was diagnosed in 37 (41.6%) patients with a history of JIA.</p>
      <table-wrap id="tbl2">
        <label>Table 2</label>
        <caption>
          <p id="_paragraph-14"/>
        </caption>
        <table id="_table-2">
          <tbody>
            <tr id="table-row-820d475a886b24cdef633ab8ef8339cf">
              <td id="f84f9cb74a3f563be71ca2c367cb5125"/>
              <td id="65f7d868fcb4da3094368b8b911e422b">Patients with JIA (n=89)</td>
            </tr>
            <tr id="table-row-edabd5f570952d447aacffb88a016dd9">
              <td id="2eb861f70f5d9e2151d5d0bb69848bc3">Sex (M/F)</td>
              <td id="05243e47fc1a7c0f6312c8a109b6935a">41/48 (control group -12/13</td>
            </tr>
            <tr id="table-row-529bd166399f7988cb8b6329fa5b18d1">
              <td id="713ce9957da42801165c3a3eb5c9e5ef">Middle age </td>
              <td id="d3df1cdc2e690907f4e0eacb286a8c16">19.4±1.8 (control group - 20.1±1.9)</td>
            </tr>
            <tr id="table-row-ee4b0fb5f24337fc13eca8e10c118ab0">
              <td id="9cc2cc7631641fc2b4db26c835de21a3">Duration of the disease, years</td>
              <td id="3e1710e953c5cfcbead6d7ecb087c27d">8.7±5.1</td>
            </tr>
            <tr id="table-row-8a242799a95dae79bba69da548d33f81">
              <td id="360acb77441f93dfb42e701b019abfcd">Age at onset of JIA, years</td>
              <td id="0ea5b75d7bf12d988589b56d4dbe75fa">10.2±4.9</td>
            </tr>
            <tr id="table-row-edca87dd04c75de85d911a73926789e7">
              <td id="3a39c1828f626e0f7b6095aa787f1a27">Time from onset to the diagnosis, months.</td>
              <td id="37e80d41c22485783a1bcb0bcb9dca68">15.6±25.9</td>
            </tr>
            <tr id="table-row-b51a39b11fcc9108904b088593dd18cd">
              <td id="8f92b7838ce1cf32128d624eda96c574">Persistent oligoarthritis</td>
              <td id="2ed83414f4b551efd766dc50e3f6eaa9">20 (22.5%)</td>
            </tr>
            <tr id="table-row-c6c44a8c01fa68adbcec5d25faacc27f">
              <td id="1241302d7a69612be6a44b36bef60dae">Common oligoarthritis</td>
              <td id="bdaacd65fa282b9cba6f67883b5f38b4">14 (15.7%)</td>
            </tr>
            <tr id="table-row-aec0fe9c6438ede2a30ad5a2cebd5bd6">
              <td id="c3e8991bcc0beaa7990f63727c807156">Polyarthritis RF +</td>
              <td id="b2c777f54fd48115abe8af022b27f0cd">10 (11.2%)</td>
            </tr>
            <tr id="table-row-9d38dc4eae38ed1beadc0b9b5c9e093f">
              <td id="2cfe23a7401194155728853247355501">Polyarthritis RF -</td>
              <td id="548f47ab1bfd7602ae36e3978cab3b9e">14 (15.7%)</td>
            </tr>
            <tr id="table-row-aded7bfc26d6c5135927f2084bd81c24">
              <td id="60a76fd4054248016dce8adea4591d5c">Enthesitis-related arthritis + psoriatic arthritis</td>
              <td id="a1316dab122a18e6eba5af92e0a76e5c">18 (16.9%)</td>
            </tr>
            <tr id="table-row-42e0e539767f57d764acbedff97c432c">
              <td id="68c2348f416c0398057277a41160aef0">Systemic JIA</td>
              <td id="bd429afdbbfaaa2ea51891ae4c00aeb9">13 (14.6%)</td>
            </tr>
            <tr id="table-row-aa04edf08155f3d5637ce389ee68b40d">
              <td id="8155cc31371df715a0d106be899f2b29">GCs took earlier / at the moment</td>
              <td id="26ceb92e6525275627fa8444d8f5a6cd">60 (67.4%)/24 (27%)</td>
            </tr>
            <tr id="table-row-1d46381f0d93b47424d2a8f4562b5868">
              <td id="9bd8aa1f980367e9752f8d0e00c56e01">Remission</td>
              <td id="73d26b9e132a214db7c8ef189c7476ac">37 (41.6%)</td>
            </tr>
            <tr id="table-row-1dcbdc1ee30970bd599d0b35f573a8da">
              <td id="a8be8925792236104f2c5d4e3bfb668a">NSAIDs</td>
              <td id="9831d909af52325ec842a17a3852fae1">14</td>
            </tr>
            <tr id="table-row-6f7d52ceb6007285f7e0a6b99ffa3679">
              <td id="b6f4f83ba7bbe3e465cd4461530f6e7a" colspan="2">DMARD (n=75)</td>
            </tr>
            <tr id="table-row-4721a19264d65ca8a0834550396b070c">
              <td id="d7d8ff246e56571964a4716eb9177426">Methotrexate</td>
              <td id="39036480071aeb1e627434dac5096351">55/75</td>
            </tr>
            <tr id="table-row-96564c295448c46357bb29ca5fffafba">
              <td id="509d3fdf146b0f928a577e21ac8c280b">Plaquenil</td>
              <td id="06b456dfca236a75cafb9c53bc35f7f9">12/75</td>
            </tr>
            <tr id="table-row-da66e452655f8bbf06c49a9652a11f0b">
              <td id="ef45fc12bd2c406dda5fca77aef9b6f4">Sulfasalazine</td>
              <td id="6b5e10b930cd56228e201ee00f33c165">6/75</td>
            </tr>
            <tr id="table-row-2dd919bb2f2b12b1f861d2bd1921f4c9">
              <td id="9284243359743e07077d91764520e2dd">Azathioprine</td>
              <td id="311483969a31a7a7b442a640a22a680a">2/75</td>
            </tr>
            <tr id="table-row-ea065515a6e8e4018e5c20491efd73e8">
              <td id="31e9e0ee85d37ffb6d8cd6f1ed170004" colspan="2">Immunobiology (n=23)</td>
            </tr>
            <tr id="table-row-9020a219fd42db5d39095ed19635f277">
              <td id="a2c24e3492f6518725e1adf963cc0ab5">Anti-TNF (ETA / ADA))</td>
              <td id="d6eb6bffeae98dbfb5202d65a27863b8">19/23 (16/3)</td>
            </tr>
            <tr id="table-row-fe89d6e29cb68d42f1f472c341706ec6">
              <td id="1348e607845c0c543f5911c9cce43129">Tocilizumab</td>
              <td id="47dcbade2032babad689686706063e7d">2/23</td>
            </tr>
            <tr id="table-row-dcf7e807b24bcb7dd7564e1caba68c05">
              <td id="1cf8a602e7e8a946c7609394095c844d">Rituximab</td>
              <td id="60dc77a494945088c8147a86c1f67cf5">2/23</td>
            </tr>
          </tbody>
        </table>
      </table-wrap>
      <p id="_paragraph-15">All patients from JIA and control group received quality assessment questionnaires SF-36 and functional status HAQ. The results of the evaluation are presented in Table 2.</p>
      <table-wrap id="tbl3">
        <label>Table 3</label>
        <caption>
          <p id="_paragraph-16"/>
        </caption>
        <table id="_table-3">
          <tbody>
            <tr id="table-row-ab573f0b79f09c6ba202a2373e84808b">
              <td id="3841cd0c4039d6405d608e4ddf3b18fc">Indexes</td>
              <td id="40b0676c9d012266148a168efa34f6a2">Patients with JIA (n=89)</td>
              <td id="b7e80b47eb1afcf510218a81b3a06fec">Control group (n=25)</td>
              <td id="d344af253f17ae6699975cb122b2d4ad">p</td>
            </tr>
            <tr id="table-row-418397a2d05632cdd5943c842011cdfc">
              <td id="a44dd19ecf7c1da39ee15a10ab159f55">HAQ</td>
              <td id="da954a45eebdcbd86219f38836885e0c">0.3±0.4</td>
              <td id="b7f5d1dcea110c9392c361fa8c20dd94"/>
              <td id="b623462105b9a38647c7f8f4e8be80c9"/>
            </tr>
            <tr id="table-row-678fdff08fe761d9142a5a9fe80f7fac">
              <td id="6493ca8e2763555f5935ba583e7450d6">VAS patient</td>
              <td id="c116ab7a7c6cb393bde26c20a0b3857c">34.6±23.3</td>
              <td id="1e06fc092f4c9c2eaa4b8a3152dea795"/>
              <td id="ae012c6f48c86ff3af79928ca1f8833f"/>
            </tr>
            <tr id="table-row-43269503c5817c1e19be9ac284c48b0f">
              <td id="bae9d9a612e5dfd5d23e36da8fab8f4b">VAS doctor</td>
              <td id="89499ab2a6617cdc6a8800cf9bdd124c">27.9±24.3</td>
              <td id="b73b20066e3a528a798533002fd0b051"/>
              <td id="1345d23e0274cc5dc1d071395aa1989d"/>
            </tr>
            <tr id="table-row-117de22e3e048bd013e5875a8e88c6ff">
              <td id="75158a10aca51204e4f88c0b2600c408" colspan="4">SF- 36</td>
            </tr>
            <tr id="table-row-71761ae47a7ed16d528f26d58351ac36">
              <td id="f0f2e98a13ac88a4de5075a253131c5b" colspan="4">SF-36 physical indexes</td>
            </tr>
            <tr id="table-row-aaa8de90b9c5916cf7563e27acbf0ef9">
              <td id="afe8ef0c5c56bd3f21595959056e49a4">
                <bold id="_bold-9">PF</bold>
              </td>
              <td id="bbed18dcd98902b723d71a87309244ed">
                <bold id="_bold-10">74.3± 20.9</bold>
              </td>
              <td id="d8354fbfdad85e1a28cf7e63e173f99b" colspan="2">
                <bold id="_bold-11">94.7±8.7</bold>
                <bold id="_bold-12">0.0002</bold>
              </td>
            </tr>
            <tr id="table-row-4052afe67da92ca68d0d6b57556c66cf">
              <td id="d549b26d4f70fdcc7caa0ea757f95e0b">
                <bold id="_bold-13">RF</bold>
              </td>
              <td id="45532602561a3f5e85ba990177f9afb8">
                <bold id="_bold-14">64.6±29.9</bold>
              </td>
              <td id="b135efb259840ce8f37f29b22fe29bf7" colspan="2">
                <bold id="_bold-15">83.8±19.5 0.02</bold>
              </td>
            </tr>
            <tr id="table-row-3e55908851521c32c21bb4ce2d835fc9">
              <td id="6c5afe0208207e3d3343c9a2185b6f57">
                <bold id="_bold-16">BP</bold>
              </td>
              <td id="91190af1c36b6cf0043976db03c14dbc">
                <bold id="_bold-17">59.0±24.2</bold>
              </td>
              <td id="34b2f8ea0b6ed71a5100ad2273bb3ce5">
                <bold id="_bold-18">84.5±21.6</bold>
              </td>
              <td id="579ee15a2f637a555f129ec2af1b1c43">
                <bold id="_bold-19">0.0002</bold>
              </td>
            </tr>
            <tr id="table-row-936c954ea18de0451bbcecfd8d34d1ee">
              <td id="469755db433be28289291a873123b628" colspan="2">GH56.5±22.6</td>
              <td id="c14bc60c28fefd3a83aca55b0a2f873c">60.1±17.1</td>
              <td id="d1e3d6c136fd13a75ee221c8787e4985">0.54</td>
            </tr>
            <tr id="table-row-dcec3319eb9d077f5223bc1e90e6ed72">
              <td id="c9b4498f36b9d886e38e8942ab26d703">VT</td>
              <td id="5665c6643b7d4f9260ecb1f87be17920">58.2±19.1</td>
              <td id="ad5ef53a169d3a7de73e661265589ed4">59.8±20.0</td>
              <td id="67d9fad8e0d46b2ad7dcfd62200078be">0.77</td>
            </tr>
            <tr id="table-row-e7baf355f5a1a08a25fcd2220b1eb735">
              <td id="e9777ea4afde070fdb352d6e146ebb8a" colspan="4">SF-36 psychological indexes</td>
            </tr>
            <tr id="table-row-cab0c395cee9154f2fd88549ec92eefc">
              <td id="3393e2c8efdc047c72af83f147048cf3">SF</td>
              <td id="673d2a1535f30f741facb3a9fcc552d5" rowspan="4">75.8±21.269.2±33.869.3±18.6<bold id="_bold-20">46.3±8.7</bold></td>
              <td id="4a225edbffb94406e3312c36c5cbe035">80.5±18.2</td>
              <td id="79baf4f1a2bd53c25ff2512828008e1e" rowspan="2">0.410.52</td>
            </tr>
            <tr id="table-row-acdaf95cb9c004674015de8c0daed798">
              <td id="2ec15c8d927faed9d3b567a0165655e7">RE</td>
              <td id="812b3de2fb03a9071032c0b62df93af0">75.0±26.7</td>
            </tr>
            <tr id="table-row-de9083b50bed3971a3bd7918651df141">
              <td id="28197ef33fc03e4355404d4e24494156">MH</td>
              <td id="708358b443ea81771e1c1a9d71a9fed9">68.4±18.9</td>
              <td id="236e933e3df8dc161d2d0decc11edd55">0.86</td>
            </tr>
            <tr id="table-row-01e302744786961fd1c5ccd9f297b988">
              <td id="07adea12eaf5d90e4062424463654739">
                <bold id="_bold-21">PCS</bold>
              </td>
              <td id="1d49ed402ab6807b53863f0305c322d7">
                <bold id="_bold-22">55.7±6.9</bold>
              </td>
              <td id="1df3267c0137416ba402e07e60d48b40">
                <bold id="_bold-23">0.0001</bold>
              </td>
            </tr>
            <tr id="table-row-4a8e2b5b4ab219cee8fd2701dd515182">
              <td id="28a88f83a5e7634e2501dc91c72d2f92">MCS</td>
              <td id="203f1067e5cbfb0186cf463ca115a791">47.0±10.5</td>
              <td id="1b5875a2e68bc2330c37ac7dc8ffefcf">45.1±11.7</td>
              <td id="56244cce0050d0cf4cdaef2a4c7c26fd">0.52</td>
            </tr>
            <tr id="table-row-057f0fd5b55a771e6654be2e27a86fc5">
              <td id="aa4a3c723d22611d15dec35cdef2f7d5">PHQ-9</td>
              <td id="a8abd62359d1f85f56235b36ac2057cc">5.8 ±5.5</td>
              <td id="4b02579a4d916f7f2c9d957b9c332f6b">4.3 ±3.1</td>
              <td id="f87d68372506eb48dc6962474441592a">0.12</td>
            </tr>
          </tbody>
        </table>
      </table-wrap>
      <p id="_paragraph-17">As can be seen from Table 2, patients with JIA had a worse (p&lt;0.001) physical well-being (46.3±8.7) compared with the control group (55.7±6.9). In them, there was a decrease in the indices corresponding to the physical condition (p&lt;0.001), role functioning due to the physical condition (p=0.02), and the intensity of pain (p&lt;0.001), compared with the control group. However, the indicators responsible for psychological well-being in patients with JIA did not differ from the control group.</p>
      <p id="_paragraph-18">In the analysis of functional activity communication for HAQ (Table 3), there was found a strong negative effect on physical functioning (r = -0.56, p&lt;0.001), a role-based functioning due to physical condition (r = -0.33, p &lt;0.001), pain intensity (r = -0.60, p&lt;0.001), general health (r = -0.40, p = 0.01), vital activity (r = -0.46, p &lt;0.001), social functioning (r = -0.48, p&lt;0.001), and mental health (r = -0.42, p&lt;0.001), as well as in the total score for the physical (p&lt;0.001) and psychological (p&lt;0.05) well-being.</p>
      <table-wrap id="tbl4">
        <label>Table 4</label>
        <caption>
          <p id="_paragraph-19"/>
        </caption>
        <table id="_table-4">
          <tbody>
            <tr id="table-row-fdae74d9a9e67b94729336f6cd55e842">
              <td id="5925c95550681e37e112f8f3e6b65c71"/>
              <td id="e4abdb5080d1f2968da8766ff2bfdb85">PCS</td>
              <td id="e08bdd45a3ca3d8ad9d8869663eda188">MCS</td>
              <td id="51db6426a31639e23e1a70ac0cf4a6c4">PF</td>
              <td id="019b48cbdd01dfc677a6c360f090ebb8">RF</td>
              <td id="b71fe604de63810fd71b112e6c246df5">BP</td>
              <td id="235833179f704424260a9285b4fcd613">GH</td>
              <td id="fc0a921682a3658dbf0a6ff5c654858c">VT</td>
              <td id="3340126226db1563acd6d2776014adbe">SF</td>
              <td id="7182b9579c9c4cbbf57696fd0c84ce89">RE</td>
              <td id="31b55a25bf4d17717707d30035532b7c">MH</td>
            </tr>
            <tr id="table-row-66de33cb15633574b7e2d0aeded8458f">
              <td id="52c20c945f10a3ce6f29f016a5f41db3"> HAQ</td>
              <td id="a5b71c75317e4f9fdd6db2bb4a9e5534">-0.59</td>
              <td id="ce050ca7d41fcd5b8694b80effade33d">-0.25</td>
              <td id="b753ae42e4e3f6d29a5ddfdb0e22563f">-0.56</td>
              <td id="ef33fcf4eb9726a990878e23afd8d906">-0.32</td>
              <td id="2649d2e8584dc706d000feb6e822b575">-0.60</td>
              <td id="cb77f41188fb898279d2cfff92d04432">-0.40</td>
              <td id="3de274f323b79bd690bc81f78428da1f">-0.46</td>
              <td id="6416e7ecc6966a5f803f27332a8cb0cd">-0.48</td>
              <td id="bfce502162fa00835b7582aa7f08e336">-0.08</td>
              <td id="71705509d59ef666d86e830ee8bf8525">-0.42</td>
            </tr>
            <tr id="table-row-a78d50ab8d3042d101fd2c5c7c70a4b2">
              <td id="76e6bf4dc657fff2c419efcb5914d8ff"> P</td>
              <td id="ca2b7dafe13e6b774dda32aa13abdfb8">&lt;0.001</td>
              <td id="1a0feafdf4a3b6577cceec5d3427fdb5">0.035</td>
              <td id="9a2e1e26e35d9ef3173a5cd0de61c94e">&lt;0.001</td>
              <td id="2a13740e17431cf279423056441025a3">0.006</td>
              <td id="61acb58fbd3c598055d849b6180897c3">&lt;0.001</td>
              <td id="6d5fc68952e420fdc1bfdf8ae81f3d0c">0.001</td>
              <td id="a4c43ca51c05df9ad795c95b20e84e9c">&lt;0.001</td>
              <td id="2afb18047c4cb6bfaacf6febf8a3f73f">&lt;0.001</td>
              <td id="ce65306e0b7a5ad68c200a8e3723f258">НД</td>
              <td id="c31763500afe165212e8fb30db9096a9">&lt;0.001</td>
            </tr>
          </tbody>
        </table>
      </table-wrap>
      <p id="_paragraph-20">Figure 1 shows the results of the SF-36 questionnaire for young patients with JIA and those in the control group, where the apparent lower levels of physical health (PCS) (p&lt;0.001), role-based physical functioning are evident) - RF (p&lt;0, 05), pain intensity - BP (p&lt;0.001) and physical functioning - PF (p&lt;0.001) in patients with JIA compared with healthy subjects.</p>
      <fig id="fig1">
        <label>Figure 4</label>
        <caption>
          <p id="_paragraph-21"/>
        </caption>
        <graphic id="_graphic-1" mimetype="image" mime-subtype="jpeg" xlink:href="image2.jpg"/>
      </fig>
    </sec>
    <sec id="sec-5">
      <title>Discussion</title>
      <sec id="sec-5_1">
        <title>Heading 3</title>
        <p id="_paragraph-22">As we expected, QoL in patients with JIA was worse than in the control group. Our findings were confirmed by data published earlier that showed a worse QoL in young people with JIA than in the control group of the corresponding age and sex. However, our results in patients with JIA and healthy individuals are different from the data from Wipff J. et al., where authors analyzed data on patients with JIA at the stage of transmission of patients from child to an adult healthcare services during biologic therapy. The SF-36 score for physical and psychological health was less influenced by the JIA in our sample than in previously published studies. These results were quite unexpected because in Ukraine biological therapy is not available for many patients. There are several possible explanations for these results, including:</p>
        <list list-type="bullet" id="list-13fb55faa31f56f7c0f12fce07c1b2a2">
          <list-item>
            <p>Our patients often received GCs, which reduced the activity of the disease.</p>
          </list-item>
          <list-item>
            <p>Our sample included not only patients with JIA in the active phase that needed constant observation but also those who were in complete clinical remission and did not require medical therapy.</p>
            <list list-type="bullet">
              <list-item>
                <p>Nested List item 1</p>
              </list-item>
              <list-item>
                <p>Nested List item 2</p>
              </list-item>
            </list>
          </list-item>
        </list>
        <list list-type="bullet" id="list-060665a8699b1e9e0e76b67944102bd6">
          <list-item>
            <p>Our results confirmed that JIA's greatest impact was on "physical functioning" and "pain intensity," which are parts of the physical well-being SF-36 factor. Thus, JIA has a greater impact on physical health than on the mental health of patients, which corresponds to scientific data.</p>
          </list-item>
        </list>
        <p id="_paragraph-23">There is evidence of a negative relationship between QoL and the duration of the disease by the results of work by Minden K. et al. Foster et al. also noted this tendency in patients with JIA. However, in our study, we did not detect the effect of the duration of the disease on the QoL indicators, although we observed the negative correlation between functional activity limitation and all components of the QoL according to the SF-36 as established, and in the previous work we have shown that QoL depends on the X-ray definite degree of JIA’s progression .</p>
        <p id="_paragraph-24">Since our study showed that physical activity is most strongly affected by pain intensity, treatment with JIA should not be directed solely at the fight against inflammation through the use of NSAIDs. It is advisable to use analgesics and procedures for severe pain, including physiotherapy and/or hypnosis.</p>
        <p id="_paragraph-25">Patients with JIA may also have a low QoL while in remission. In our study, it was found that 3 out of 33 patients in the remission stage had a low physical well-being. In 5 out of 33 patients - a low level of mental well-being. These data coincide with the results of the study, in which 8/38 patients with JIA in the remission stage had a low physical well-being.</p>
        <p id="_paragraph-26">Our study has some limitations. First, our study had cross-sectional design study that limited the assessment of the natural course and QoL prognostic factors of the JIA. Second, data on the educational and socio-economic status of patients with JIA and their parents have not been collected. These factors may influence SF-36 results. Previous studies have shown that psychological factors, therapies, geographical origin, and socioeconomic differences can have an effect on pain in the JIA. Third, we did not evaluate the effect of treatment on QoL, especially on biological therapy, although a number of studies have shown that QoL with JIA is improved against the background of biological therapy.</p>
        <p id="_paragraph-27">Our research also has the strengths:</p>
        <list list-type="order" id="list-f96c81e82f3f757e7905f0ef41d2a5da">
          <list-item>
            <p>The experimental group consisted of patients with JIA that met the criteria for ILAR in the transition period.</p>
          </list-item>
          <list-item>
            <p>The results of evaluation were compared with the control groups comprised of healthy individuals.</p>
          </list-item>
          <list-item>
            <p>This is the first study in Ukraine that included biologic therapy as a potential factor affecting QoL in the transition period.</p>
          </list-item>
        </list>
      </sec>
    </sec>
    <sec id="sec-6">
      <title>Conclusion</title>
      <p id="_paragraph-28">Juvenile idiopathic arthritis had the greatest influence during the transition from pediatric to adult rheumatological service to a physical functioning and pain intensity on SF-36 physical well-being scale. It indicates a greater effect of the disease on the physical than on the mental health in patients with JIA.</p>
    </sec>
  </body><back/></article>
